uid,target_ind
0,353
1,351
2,348
3,246
4,351
5,1
6,326
7,59
8,161
9,311
10,420
11,302
12,270
13,361
14,158
15,437
16,164
17,54
18,132
19,220
20,392
21,155
22,311
23,132
24,85
25,348
26,97
27,132
28,453
29,356
30,351
31,233
32,427
33,351
34,305
35,270
36,355
37,387
38,249
39,358
40,311
41,254
42,218
43,208
44,462
45,487
46,404
47,209
48,238
49,348
50,299
51,55
52,432
53,249
54,104
55,49
56,230
57,499
58,348
59,315
60,269
61,36
62,439
63,127
64,410
65,264
66,117
67,123
68,348
69,130
70,489
71,348
72,11
73,69
74,412
75,350
76,277
77,294
78,166
79,135
80,14
81,481
82,139
83,78
84,201
85,355
86,348
87,348
88,16
89,108
90,84
91,50
92,185
93,446
94,27
95,307
96,348
97,365
98,348
99,188
100,112
101,346
102,221
103,353
104,432
105,391
106,389
107,198
108,496
109,132
110,348
111,132
112,216
113,348
114,13
115,491
116,34
117,473
118,265
119,24
120,188
121,246
122,355
123,348
124,362
125,69
126,310
127,102
128,354
129,379
130,302
131,55
132,1
133,288
134,348
135,311
136,216
137,158
138,339
139,129
140,140
141,351
142,290
143,317
144,499
145,68
146,348
147,232
148,331
149,348
150,343
151,399
152,479
153,138
154,215
155,348
156,199
157,72
158,419
159,276
160,348
161,137
162,471
163,429
164,154
165,348
166,346
167,119
168,132
169,360
170,453
171,348
172,354
173,434
174,148
175,133
176,365
177,360
178,403
179,136
180,52
181,172
182,181
183,439
184,348
185,216
186,213
187,311
188,247
189,186
190,316
191,469
192,129
193,102
194,353
195,268
196,144
197,446
198,450
199,80
200,361
201,374
202,439
203,85
204,138
205,329
206,373
207,223
208,348
209,54
210,348
211,353
212,166
213,183
214,122
215,275
216,262
217,348
218,355
219,41
220,399
221,439
222,409
223,385
224,198
225,385
226,275
227,109
228,46
229,145
230,353
231,472
232,389
233,366
234,58
235,439
236,496
237,82
238,386
239,337
240,391
241,368
242,255
243,172
244,339
245,299
246,163
247,348
248,172
249,210
250,432
251,210
252,110
253,97
254,355
255,412
256,445
257,249
258,181
259,80
260,419
261,79
262,476
263,356
264,50
265,265
266,348
267,279
268,125
269,462
270,351
271,55
272,155
273,151
274,189
275,272
276,90
277,260
278,308
279,18
280,424
281,176
282,115
283,370
284,231
285,49
286,172
287,104
288,348
289,348
290,218
291,351
292,366
293,485
294,324
295,217
296,378
297,355
298,174
299,390
300,353
301,247
302,166
303,348
304,123
305,256
306,1
307,480
308,279
309,158
310,348
311,347
312,172
313,351
314,334
315,348
316,353
317,370
318,68
319,95
320,135
321,363
322,129
323,213
324,250
325,355
326,473
327,54
328,258
329,348
330,216
331,444
332,72
333,67
334,114
335,42
336,20
337,94
338,291
339,378
340,197
341,132
342,115
343,216
344,351
345,348
346,430
347,421
348,243
349,348
350,106
351,259
352,17
353,351
354,42
355,203
356,361
357,131
358,360
359,116
360,346
361,167
362,270
363,158
364,404
365,412
366,188
367,170
368,346
369,425
370,483
371,270
372,323
373,238
374,238
375,73
376,130
377,116
378,200
379,395
380,476
381,385
382,262
383,345
384,112
385,446
386,1
387,84
388,442
389,348
390,241
391,446
392,333
393,316
394,132
395,89
396,344
397,123
398,380
399,348
400,304
401,362
402,294
403,423
404,184
405,166
406,225
407,487
408,226
409,496
410,411
411,217
412,270
413,310
414,361
415,365
416,223
417,242
418,129
419,177
420,348
421,257
422,72
423,468
424,306
425,499
426,348
427,83
428,114
429,348
430,415
431,350
432,279
433,12
434,121
435,228
436,409
437,348
438,348
439,421
440,172
441,311
442,132
443,272
444,227
445,489
446,399
447,246
448,231
449,355
450,170
451,290
452,361
453,84
454,351
455,222
456,166
457,354
458,129
459,348
460,167
461,7
462,348
463,406
464,491
465,438
466,436
467,492
468,203
469,387
470,87
471,402
472,146
473,43
474,497
475,473
476,120
477,42
478,148
479,168
480,255
481,348
482,492
483,270
484,157
485,329
486,167
487,337
488,63
489,308
490,137
491,41
492,176
493,33
494,157
495,4
496,348
497,56
498,52
499,150
500,419
501,172
502,66
503,172
504,447
505,188
506,348
507,93
508,148
509,256
510,77
511,311
512,348
513,451
514,318
515,218
516,313
517,339
518,358
519,212
520,5
521,354
522,348
523,345
524,310
525,334
526,450
527,491
528,348
529,334
530,152
531,242
532,369
533,248
534,267
535,113
536,348
537,348
538,18
539,197
540,129
541,138
542,275
543,459
544,283
545,311
546,144
547,423
548,203
549,161
550,407
551,36
552,346
553,435
554,346
555,351
556,342
557,211
558,18
559,322
560,54
561,340
562,274
563,409
564,171
565,348
566,320
567,62
568,149
569,216
570,242
571,269
572,132
573,396
574,129
575,348
576,378
577,311
578,348
579,348
580,239
581,270
582,124
583,353
584,139
585,351
586,448
587,337
588,196
589,264
590,467
591,351
592,348
593,348
594,267
595,348
596,21
597,312
598,311
599,485
600,36
601,483
602,145
603,446
604,271
605,354
606,192
607,221
608,348
609,316
610,355
611,490
612,337
613,156
614,348
615,475
616,348
617,87
618,285
619,355
620,155
621,269
622,477
623,374
624,348
625,366
626,208
627,311
628,348
629,206
630,348
631,348
632,69
633,130
634,302
635,348
636,412
637,311
638,129
639,201
640,21
641,288
642,39
643,466
644,473
645,314
646,348
647,81
648,374
649,30
650,472
651,33
652,59
653,55
654,472
655,348
656,172
657,348
658,140
659,361
660,347
661,274
662,348
663,453
664,205
665,360
666,270
667,16
668,311
669,351
670,1
671,326
672,327
673,390
674,35
675,139
676,400
677,239
678,348
679,438
680,222
681,360
682,223
683,400
684,33
685,81
686,8
687,275
688,361
689,340
690,497
691,110
692,348
693,348
694,405
695,16
696,342
697,431
698,166
699,415
700,443
701,145
702,170
703,420
704,22
705,494
706,55
707,428
708,195
709,460
710,269
711,61
712,351
713,441
714,55
715,494
716,439
717,348
718,347
719,216
720,165
721,224
722,217
723,348
724,373
725,165
726,262
727,433
728,406
729,430
730,439
731,340
732,166
733,348
734,157
735,12
736,127
737,54
738,348
739,348
740,17
741,172
742,166
743,197
744,106
745,311
746,348
747,271
748,433
749,307
750,129
751,161
752,351
753,173
754,348
755,95
756,294
757,348
758,348
759,348
760,113
761,269
762,182
763,348
764,348
765,399
766,86
767,123
768,132
769,18
770,275
771,404
772,156
773,249
774,358
775,181
776,337
777,101
778,56
779,207
780,311
781,192
782,246
783,354
784,199
785,348
786,497
787,296
788,497
789,423
790,358
791,446
792,108
793,30
794,45
795,472
796,333
797,348
798,250
799,175
800,234
801,348
802,383
803,250
804,471
805,31
806,187
807,354
808,466
809,315
810,423
811,339
812,350
813,348
814,355
815,146
816,350
817,348
818,439
819,401
820,435
821,147
822,396
823,302
824,356
825,455
826,285
827,288
828,476
829,469
830,185
831,348
832,133
833,350
834,123
835,56
836,49
837,348
838,350
839,231
840,472
841,355
842,17
843,182
844,33
845,160
846,480
847,419
848,169
849,173
850,88
851,161
852,260
853,199
854,439
855,310
856,435
857,25
858,58
859,254
860,160
861,348
862,404
863,353
864,391
865,192
866,362
867,67
868,420
869,402
870,457
871,348
872,222
873,67
874,348
875,354
876,324
877,348
878,157
879,58
880,350
881,407
882,63
883,497
884,215
885,170
886,401
887,404
888,466
889,342
890,103
891,32
892,297
893,181
894,172
895,39
896,40
897,384
898,27
899,355
900,302
901,348
902,348
903,311
904,182
905,120
906,129
907,322
908,426
909,472
910,95
911,348
912,19
913,480
914,353
915,348
916,348
917,166
918,406
919,88
920,305
921,421
922,460
923,248
924,160
925,268
926,311
927,465
928,216
929,18
930,148
931,43
932,136
933,60
934,167
935,350
936,320
937,69
938,446
939,265
940,355
941,333
942,132
943,312
944,410
945,484
946,252
947,348
948,329
949,173
950,332
951,367
952,321
953,286
954,199
955,175
956,384
957,348
958,366
959,85
960,348
961,496
962,467
963,481
964,374
965,404
966,311
967,348
968,148
969,482
970,138
971,270
972,471
973,404
974,161
975,19
976,348
977,412
978,72
979,348
980,406
981,78
982,476
983,18
984,351
985,399
986,104
987,472
988,237
989,348
990,159
991,452
992,439
993,129
994,164
995,351
996,466
997,61
998,439
999,6
1000,197
1001,497
1002,407
1003,348
1004,120
1005,135
1006,223
1007,269
1008,68
1009,81
1010,345
1011,162
1012,75
1013,323
1014,348
1015,348
1016,265
1017,54
1018,330
1019,348
1020,412
1021,380
1022,348
1023,474
1024,311
1025,339
1026,88
1027,299
1028,68
1029,426
1030,488
1031,164
1032,374
1033,348
1034,348
1035,305
1036,449
1037,162
1038,263
1039,132
1040,123
1041,142
1042,203
1043,95
1044,231
1045,346
1046,348
1047,361
1048,485
1049,144
1050,48
1051,137
1052,293
1053,273
1054,53
1055,142
1056,306
1057,215
1058,339
1059,490
1060,350
1061,199
1062,370
1063,269
1064,166
1065,265
1066,431
1067,299
1068,347
1069,29
1070,19
1071,199
1072,255
1073,348
1074,479
1075,33
1076,105
1077,119
1078,258
1079,267
1080,444
1081,164
1082,492
1083,291
1084,353
1085,258
1086,56
1087,131
1088,302
1089,361
1090,172
1091,279
1092,161
1093,431
1094,427
1095,129
1096,458
1097,238
1098,339
1099,475
1100,43
1101,311
1102,329
1103,348
1104,348
1105,412
1106,41
1107,379
1108,348
1109,187
1110,496
1111,175
1112,353
1113,428
1114,103
1115,104
1116,497
1117,291
1118,404
1119,290
1120,348
1121,443
1122,31
1123,278
1124,247
1125,348
1126,169
1127,195
1128,286
1129,348
1130,223
1131,90
1132,354
1133,356
1134,462
1135,12
1136,236
1137,126
1138,476
1139,8
1140,20
1141,59
1142,12
1143,284
1144,385
1145,123
1146,132
1147,402
1148,222
1149,399
1150,216
1151,399
1152,203
1153,348
1154,464
1155,348
1156,348
1157,191
1158,348
1159,443
1160,119
1161,58
1162,393
1163,231
1164,155
1165,350
1166,285
1167,380
1168,348
1169,45
1170,337
1171,329
1172,180
1173,426
1174,132
1175,339
1176,109
1177,481
1178,457
1179,58
1180,12
1181,131
1182,27
1183,385
1184,340
1185,123
1186,58
1187,294
1188,132
1189,137
1190,348
1191,199
1192,311
1193,34
1194,118
1195,348
1196,36
1197,172
1198,49
1199,203
1200,269
1201,380
1202,30
1203,265
1204,331
1205,129
1206,360
1207,131
1208,60
1209,76
1210,172
1211,348
1212,125
1213,348
1214,266
1215,14
1216,410
1217,300
1218,348
1219,329
1220,133
1221,399
1222,387
1223,3
1224,471
1225,55
1226,336
1227,314
1228,383
1229,113
1230,307
1231,365
1232,493
1233,469
1234,49
1235,497
1236,348
1237,121
1238,401
1239,484
1240,199
1241,216
1242,347
1243,131
1244,18
1245,444
1246,403
1247,318
1248,180
1249,369
1250,41
1251,337
1252,130
1253,274
1254,270
1255,407
1256,468
1257,429
1258,439
1259,157
1260,129
1261,471
1262,43
1263,348
1264,72
1265,339
1266,312
1267,314
1268,499
1269,481
1270,292
1271,402
1272,316
1273,474
1274,480
1275,350
1276,293
1277,239
1278,199
1279,174
1280,433
1281,19
1282,147
1283,106
1284,72
1285,35
1286,199
1287,15
1288,5
1289,353
1290,154
1291,146
1292,279
1293,33
1294,176
1295,88
1296,435
1297,348
1298,179
1299,232
1300,102
1301,490
1302,433
1303,391
1304,348
1305,35
1306,285
1307,61
1308,195
1309,360
1310,20
1311,35
1312,158
1313,498
1314,223
1315,348
1316,237
1317,458
1318,493
1319,72
1320,351
1321,348
1322,53
1323,329
1324,270
1325,338
1326,371
1327,458
1328,140
1329,348
1330,94
1331,348
1332,234
1333,132
1334,273
1335,188
1336,158
1337,198
1338,166
1339,348
1340,133
1341,136
1342,244
1343,423
1344,440
1345,407
1346,348
1347,340
1348,361
1349,428
1350,246
1351,348
1352,238
1353,478
1354,172
1355,84
1356,66
1357,289
1358,491
1359,3
1360,156
1361,347
1362,350
1363,348
1364,135
1365,452
1366,353
1367,55
1368,399
1369,167
1370,348
1371,171
1372,176
1373,188
1374,374
1375,52
1376,287
1377,348
1378,100
1379,348
1380,351
1381,348
1382,129
1383,494
1384,355
1385,311
1386,457
1387,212
1388,353
1389,146
1390,314
1391,348
1392,399
1393,215
1394,331
1395,327
1396,105
1397,330
1398,446
1399,25
1400,410
1401,327
1402,337
1403,348
1404,354
1405,470
1406,400
1407,17
1408,280
1409,138
1410,423
1411,356
1412,355
1413,128
1414,456
1415,459
1416,86
1417,311
1418,384
1419,156
1420,329
1421,63
1422,353
1423,245
1424,412
1425,149
1426,481
1427,139
1428,57
1429,386
1430,345
1431,311
1432,25
1433,296
1434,84
1435,284
1436,72
1437,421
1438,355
1439,272
1440,378
1441,84
1442,440
1443,466
1444,25
1445,90
1446,406
1447,42
1448,270
1449,262
1450,129
1451,307
1452,209
1453,108
1454,43
1455,270
1456,324
1457,132
1458,234
1459,242
1460,316
1461,83
1462,484
1463,96
1464,425
1465,273
1466,348
1467,234
1468,278
1469,275
1470,361
1471,250
1472,423
1473,348
1474,129
1475,304
1476,348
1477,126
1478,322
1479,227
1480,331
1481,348
1482,194
1483,399
1484,263
1485,28
1486,390
1487,108
1488,25
1489,267
1490,311
1491,361
1492,460
1493,434
1494,72
1495,320
1496,154
1497,270
1498,339
1499,446
1500,135
1501,131
1502,287
1503,360
1504,84
1505,225
1506,369
1507,238
1508,441
1509,6
1510,348
1511,31
1512,296
1513,58
1514,348
1515,168
1516,85
1517,361
1518,56
1519,83
1520,487
1521,380
1522,311
1523,31
1524,351
1525,43
1526,191
1527,424
1528,345
1529,225
1530,136
1531,398
1532,270
1533,305
1534,311
1535,270
1536,354
1537,344
1538,294
1539,115
1540,216
1541,473
1542,268
1543,354
1544,1
1545,348
1546,348
1547,196
1548,140
1549,33
1550,216
1551,25
1552,158
1553,415
1554,348
1555,106
1556,132
1557,393
1558,245
1559,495
1560,348
1561,348
1562,54
1563,166
1564,129
1565,89
1566,283
1567,380
1568,348
1569,212
1570,355
1571,8
1572,484
1573,84
1574,351
1575,346
1576,348
1577,201
1578,464
1579,479
1580,419
1581,187
1582,361
1583,104
1584,60
1585,348
1586,348
1587,173
1588,155
1589,480
1590,243
1591,473
1592,496
1593,289
1594,343
1595,80
1596,178
1597,356
1598,97
1599,54
1600,447
1601,198
1602,249
1603,95
1604,314
1605,337
1606,172
1607,348
1608,348
1609,136
1610,234
1611,348
1612,348
1613,420
1614,339
1615,141
1616,497
1617,273
1618,479
1619,345
1620,489
1621,58
1622,496
1623,68
1624,481
1625,410
1626,280
1627,322
1628,133
1629,313
1630,151
1631,242
1632,55
1633,455
1634,200
1635,348
1636,133
1637,474
1638,175
1639,133
1640,184
1641,473
1642,191
1643,452
1644,437
1645,115
1646,45
1647,311
1648,471
1649,350
1650,165
1651,339
1652,144
1653,351
1654,358
1655,356
1656,226
1657,348
1658,125
1659,353
1660,350
1661,209
1662,484
1663,226
1664,399
1665,196
1666,230
1667,424
1668,351
1669,222
1670,314
1671,67
1672,161
1673,165
1674,130
1675,64
1676,184
1677,74
1678,28
1679,100
1680,127
1681,227
1682,18
1683,451
1684,355
1685,435
1686,360
1687,207
1688,453
1689,311
1690,201
1691,344
1692,231
1693,311
1694,75
1695,348
1696,289
1697,489
1698,198
1699,407
1700,153
1701,266
1702,239
1703,380
1704,249
1705,246
1706,348
1707,268
1708,65
1709,182
1710,222
1711,274
1712,159
1713,41
1714,311
1715,289
1716,72
1717,494
1718,498
1719,378
1720,66
1721,347
1722,439
1723,18
1724,103
1725,237
1726,25
1727,279
1728,450
1729,239
1730,165
1731,113
1732,58
1733,42
1734,81
1735,348
1736,173
1737,180
1738,347
1739,59
1740,132
1741,216
1742,188
1743,10
1744,225
1745,86
1746,249
1747,66
1748,222
1749,248
1750,348
1751,323
1752,250
1753,150
1754,176
1755,198
1756,476
1757,497
1758,354
1759,435
1760,83
1761,348
1762,380
1763,222
1764,368
1765,256
1766,440
1767,351
1768,481
1769,245
1770,95
1771,348
1772,348
1773,305
1774,158
1775,487
1776,311
1777,129
1778,353
1779,59
1780,312
1781,353
1782,260
1783,296
1784,318
1785,351
1786,279
1787,348
1788,269
1789,101
1790,329
1791,404
1792,380
1793,56
1794,348
1795,361
1796,319
1797,465
1798,80
1799,348
1800,88
1801,348
1802,231
1803,33
1804,417
1805,322
1806,404
1807,440
1808,348
1809,191
1810,444
1811,213
1812,198
1813,166
1814,225
1815,348
1816,468
1817,348
1818,132
1819,311
1820,385
1821,360
1822,348
1823,79
1824,430
1825,158
1826,489
1827,350
1828,100
1829,311
1830,263
1831,22
1832,269
1833,245
1834,132
1835,199
1836,49
1837,377
1838,353
1839,265
1840,42
1841,132
1842,288
1843,348
1844,348
1845,439
1846,419
1847,256
1848,311
1849,165
1850,361
1851,384
1852,498
1853,227
1854,479
1855,353
1856,329
1857,448
1858,348
1859,311
1860,277
1861,155
1862,426
1863,41
1864,171
1865,246
1866,9
1867,287
1868,310
1869,355
1870,270
1871,374
1872,115
1873,348
1874,265
1875,288
1876,302
1877,246
1878,348
1879,262
1880,348
1881,229
1882,344
1883,369
1884,255
1885,314
1886,205
1887,495
1888,411
1889,389
1890,360
1891,406
1892,368
1893,149
1894,168
1895,292
1896,150
1897,136
1898,256
1899,49
1900,199
1901,129
1902,61
1903,348
1904,295
1905,212
1906,149
1907,354
1908,374
1909,355
1910,60
1911,133
1912,88
1913,360
1914,11
1915,351
1916,42
1917,129
1918,348
1919,147
1920,272
1921,348
1922,311
1923,271
1924,347
1925,50
1926,395
1927,166
1928,351
1929,199
1930,13
1931,270
1932,131
1933,172
1934,348
1935,130
1936,311
1937,158
1938,436
1939,358
1940,355
1941,222
1942,170
1943,246
1944,234
1945,374
1946,220
1947,403
1948,69
1949,370
1950,280
1951,356
1952,87
1953,285
1954,346
1955,348
1956,21
1957,339
1958,311
1959,18
1960,348
1961,256
1962,320
1963,339
1964,369
1965,339
1966,131
1967,497
1968,33
1969,368
1970,123
1971,184
1972,348
1973,208
1974,233
1975,281
1976,237
1977,351
1978,262
1979,80
1980,427
1981,190
1982,156
1983,348
1984,318
1985,497
1986,311
1987,49
1988,366
1989,354
1990,137
1991,348
1992,348
1993,406
1994,281
1995,417
1996,347
1997,399
1998,84
1999,414
2000,254
2001,81
2002,288
2003,167
2004,369
2005,273
2006,346
2007,426
2008,438
2009,249
2010,158
2011,106
2012,58
2013,166
2014,147
2015,133
2016,347
2017,169
2018,26
2019,61
2020,228
2021,295
2022,407
2023,43
2024,232
2025,495
2026,291
2027,246
2028,0
2029,360
2030,241
2031,151
2032,366
2033,158
2034,129
2035,114
2036,311
2037,149
2038,125
2039,323
2040,394
2041,353
2042,104
2043,328
2044,384
2045,492
2046,339
2047,129
2048,487
2049,33
2050,8
2051,256
2052,352
2053,354
2054,426
2055,311
2056,374
2057,12
2058,74
2059,369
2060,262
2061,203
2062,322
2063,170
2064,348
2065,437
2066,56
2067,86
2068,365
2069,348
2070,89
2071,307
2072,276
2073,131
2074,347
2075,353
2076,58
2077,348
2078,426
2079,348
2080,84
2081,72
2082,180
2083,147
2084,281
2085,212
2086,346
2087,108
2088,218
2089,266
2090,348
2091,380
2092,157
2093,222
2094,154
2095,385
2096,328
2097,194
2098,269
2099,472
2100,195
2101,133
2102,348
2103,231
2104,439
2105,67
2106,348
2107,72
2108,399
2109,227
2110,258
2111,123
2112,283
2113,169
2114,265
2115,324
2116,453
2117,256
2118,468
2119,185
2120,466
2121,151
2122,40
2123,471
2124,348
2125,72
2126,137
2127,346
2128,353
2129,366
2130,53
2131,2
2132,492
2133,388
2134,129
2135,419
2136,369
2137,498
2138,348
2139,127
2140,454
2141,316
2142,83
2143,323
2144,348
2145,348
2146,391
2147,65
2148,238
2149,68
2150,482
2151,487
2152,77
2153,132
2154,72
2155,498
2156,496
2157,348
2158,380
2159,200
2160,321
2161,270
2162,387
2163,294
2164,152
2165,490
2166,290
2167,385
2168,480
2169,311
2170,116
2171,382
2172,219
2173,311
2174,285
2175,84
2176,42
2177,93
2178,348
2179,392
2180,348
2181,311
2182,185
2183,348
2184,341
2185,120
2186,209
2187,476
2188,8
2189,311
2190,306
2191,478
2192,0
2193,288
2194,238
2195,267
2196,348
2197,361
2198,450
2199,139
2200,385
2201,419
2202,195
2203,270
2204,129
2205,355
2206,314
2207,339
2208,353
2209,121
2210,310
2211,324
2212,354
2213,436
2214,308
2215,353
2216,355
2217,20
2218,71
2219,171
2220,473
2221,261
2222,337
2223,204
2224,33
2225,360
2226,360
2227,330
2228,460
2229,52
2230,179
2231,391
2232,337
2233,348
2234,286
2235,473
2236,177
2237,196
2238,351
2239,256
2240,459
2241,368
2242,488
2243,98
2244,176
2245,158
2246,41
2247,163
2248,183
2249,58
2250,347
2251,30
2252,370
2253,258
2254,496
2255,167
2256,84
2257,271
2258,41
2259,348
2260,72
2261,323
2262,370
2263,348
2264,348
2265,389
2266,64
2267,353
2268,446
2269,310
2270,353
2271,0
2272,32
2273,166
2274,353
2275,435
2276,186
2277,343
2278,129
2279,374
2280,19
2281,348
2282,348
2283,378
2284,49
2285,482
2286,471
2287,97
2288,184
2289,314
2290,353
2291,60
2292,269
2293,430
2294,350
2295,348
2296,436
2297,348
2298,345
2299,148
2300,348
2301,316
2302,129
2303,8
2304,172
2305,139
2306,59
2307,380
2308,131
2309,250
2310,348
2311,310
2312,8
2313,233
2314,385
2315,320
2316,489
2317,272
2318,450
2319,419
2320,132
2321,369
2322,449
2323,80
2324,348
2325,118
2326,52
2327,338
2328,362
2329,177
2330,88
2331,348
2332,133
2333,74
2334,20
2335,351
2336,492
2337,487
2338,313
2339,133
2340,42
2341,348
2342,322
2343,415
2344,323
2345,291
2346,158
2347,452
2348,154
2349,439
2350,256
2351,106
2352,347
2353,224
2354,111
2355,354
2356,132
2357,77
2358,353
2359,131
2360,289
2361,177
2362,348
2363,76
2364,273
2365,348
2366,158
2367,118
2368,494
2369,129
2370,459
2371,116
2372,351
2373,267
2374,348
2375,183
2376,85
2377,404
2378,404
2379,456
2380,227
2381,112
2382,324
2383,32
2384,353
2385,348
2386,348
2387,28
2388,347
2389,50
2390,95
2391,58
2392,348
2393,313
2394,324
2395,348
2396,88
2397,272
2398,27
2399,240
2400,183
2401,307
2402,348
2403,224
2404,324
2405,217
2406,161
2407,45
2408,293
2409,196
2410,20
2411,44
2412,354
2413,111
2414,122
2415,341
2416,170
2417,246
2418,154
2419,20
2420,417
2421,36
2422,404
2423,374
2424,223
2425,290
2426,329
2427,183
2428,350
2429,414
2430,172
2431,307
2432,452
2433,258
2434,209
2435,353
2436,496
2437,350
2438,270
2439,274
2440,10
2441,480
2442,333
2443,431
2444,133
2445,499
2446,374
2447,270
2448,72
2449,434
2450,185
2451,348
2452,199
2453,348
2454,353
2455,348
2456,348
2457,148
2458,478
2459,311
2460,348
2461,179
2462,133
2463,348
2464,355
2465,20
2466,467
2467,348
2468,97
2469,132
2470,112
2471,348
2472,132
2473,84
2474,33
2475,382
2476,351
2477,246
2478,272
2479,270
2480,348
2481,499
2482,475
2483,261
2484,407
2485,249
2486,348
2487,288
2488,361
2489,285
2490,355
2491,268
2492,329
2493,217
2494,335
2495,279
2496,135
2497,251
2498,460
2499,466
2500,173
2501,348
2502,260
2503,58
2504,446
2505,324
2506,131
2507,72
2508,272
2509,213
2510,205
2511,280
2512,23
2513,277
2514,396
2515,472
2516,407
2517,317
2518,381
2519,279
2520,242
2521,64
2522,399
2523,360
2524,404
2525,5
2526,197
2527,311
2528,51
2529,175
2530,376
2531,267
2532,347
2533,362
2534,270
2535,355
2536,469
2537,54
2538,348
2539,270
2540,71
2541,446
2542,104
2543,20
2544,304
2545,451
2546,348
2547,215
2548,246
2549,396
2550,339
2551,15
2552,433
2553,348
2554,217
2555,446
2556,441
2557,81
2558,462
2559,295
2560,18
2561,452
2562,489
2563,414
2564,496
2565,175
2566,278
2567,385
2568,166
2569,225
2570,406
2571,113
2572,348
2573,466
2574,192
2575,131
2576,446
2577,41
2578,25
2579,348
2580,348
2581,256
2582,354
2583,38
2584,328
2585,155
2586,138
2587,129
2588,233
2589,385
2590,467
2591,198
2592,487
2593,454
2594,428
2595,442
2596,133
2597,325
2598,18
2599,480
2600,108
2601,485
2602,348
2603,246
2604,151
2605,391
2606,67
2607,311
2608,85
2609,1
2610,138
2611,347
2612,319
2613,385
2614,41
2615,409
2616,355
2617,20
2618,497
2619,439
2620,12
2621,217
2622,348
2623,309
2624,353
2625,295
2626,484
2627,348
2628,171
2629,290
2630,262
2631,149
2632,350
2633,355
2634,399
2635,137
2636,133
2637,406
2638,454
2639,439
2640,402
2641,129
2642,348
2643,348
2644,75
2645,270
2646,57
2647,199
2648,460
2649,311
2650,329
2651,267
2652,116
2653,130
2654,333
2655,266
2656,166
2657,496
2658,320
2659,444
2660,382
2661,398
2662,353
2663,379
2664,319
2665,248
2666,434
2667,355
2668,172
2669,129
2670,74
2671,348
2672,129
2673,497
2674,480
2675,160
2676,353
2677,492
2678,222
2679,405
2680,311
2681,133
2682,186
2683,330
2684,268
2685,158
2686,426
2687,466
2688,190
2689,462
2690,366
2691,423
2692,329
2693,199
2694,132
2695,239
2696,419
2697,351
2698,460
2699,348
2700,112
2701,412
2702,348
2703,446
2704,152
2705,1
2706,366
2707,410
2708,369
2709,18
2710,452
2711,409
2712,362
2713,348
2714,329
2715,383
2716,54
2717,229
2718,159
2719,492
2720,404
2721,278
2722,281
2723,185
2724,127
2725,299
2726,404
2727,480
2728,348
2729,58
2730,296
2731,433
2732,348
2733,250
2734,487
2735,219
2736,287
2737,389
2738,483
2739,325
2740,188
2741,495
2742,470
2743,243
2744,179
2745,228
2746,157
2747,23
2748,222
2749,20
2750,11
2751,348
2752,302
2753,89
2754,355
2755,353
2756,474
2757,16
2758,393
2759,482
2760,199
2761,80
2762,354
2763,483
2764,348
2765,68
2766,165
2767,94
2768,217
2769,39
2770,79
2771,129
2772,433
2773,160
2774,72
2775,133
2776,241
2777,117
2778,374
2779,270
2780,484
2781,85
2782,332
2783,165
2784,132
2785,226
2786,431
2787,111
2788,328
2789,234
2790,434
2791,8
2792,160
2793,261
2794,7
2795,348
2796,339
2797,249
2798,348
2799,377
2800,212
2801,151
2802,181
2803,467
2804,222
2805,314
2806,207
2807,18
2808,314
2809,348
2810,446
2811,372
2812,365
2813,348
2814,132
2815,131
2816,368
2817,110
2818,348
2819,5
2820,169
2821,283
2822,171
2823,259
2824,109
2825,348
2826,25
2827,158
2828,1
2829,86
2830,110
2831,399
2832,400
2833,355
2834,42
2835,132
2836,175
2837,311
2838,355
2839,479
2840,52
2841,346
2842,221
2843,54
2844,498
2845,276
2846,172
2847,127
2848,160
2849,207
2850,348
2851,348
2852,87
2853,439
2854,114
2855,146
2856,166
2857,178
2858,166
2859,409
2860,471
2861,121
2862,302
2863,194
2864,18
2865,467
2866,380
2867,83
2868,346
2869,325
2870,497
2871,411
2872,185
2873,354
2874,161
2875,118
2876,319
2877,377
2878,348
2879,457
2880,41
2881,354
2882,85
2883,129
2884,133
2885,199
2886,158
2887,119
2888,295
2889,160
2890,348
2891,39
2892,84
2893,311
2894,2
2895,348
2896,478
2897,311
2898,131
2899,61
2900,374
2901,471
2902,329
2903,123
2904,30
2905,238
2906,163
2907,21
2908,453
2909,348
2910,59
2911,172
2912,417
2913,428
2914,249
2915,293
2916,348
2917,89
2918,131
2919,269
2920,109
2921,118
2922,161
2923,314
2924,464
2925,270
2926,497
2927,435
2928,467
2929,260
2930,196
2931,199
2932,40
2933,129
2934,348
2935,348
2936,348
2937,58
2938,48
2939,423
2940,348
2941,20
2942,211
2943,324
2944,133
2945,461
2946,127
2947,432
2948,54
2949,361
2950,311
2951,293
2952,375
2953,351
2954,252
2955,444
2956,302
2957,348
2958,348
2959,348
2960,129
2961,228
2962,409
2963,57
2964,181
2965,362
2966,171
2967,83
2968,132
2969,348
2970,346
2971,329
2972,58
2973,194
2974,362
2975,353
2976,254
2977,161
2978,76
2979,65
2980,401
2981,83
2982,360
2983,351
2984,348
2985,439
2986,379
2987,177
2988,353
2989,215
2990,270
2991,322
2992,348
2993,218
2994,20
2995,348
2996,338
2997,439
2998,453
2999,173
3000,81
3001,240
3002,188
3003,27
3004,177
3005,138
3006,11
3007,496
3008,491
3009,312
3010,229
3011,269
3012,57
3013,454
3014,347
3015,369
3016,348
3017,98
3018,348
3019,348
3020,469
3021,171
3022,255
3023,433
3024,157
3025,348
3026,348
3027,164
3028,212
3029,497
3030,72
3031,133
3032,280
3033,84
3034,351
3035,158
3036,119
3037,351
3038,420
3039,131
3040,95
3041,348
3042,185
3043,471
3044,113
3045,382
3046,387
3047,380
3048,409
3049,13
3050,171
3051,18
3052,360
3053,195
3054,4
3055,193
3056,106
3057,351
3058,489
3059,369
3060,207
3061,314
3062,366
3063,486
3064,135
3065,353
3066,462
3067,276
3068,268
3069,327
3070,353
3071,52
3072,348
3073,171
3074,161
3075,373
3076,56
3077,248
3078,30
3079,146
3080,248
3081,346
3082,282
3083,223
3084,96
3085,417
3086,480
3087,435
3088,49
3089,451
3090,132
3091,498
3092,90
3093,454
3094,353
3095,67
3096,95
3097,439
3098,391
3099,390
3100,472
3101,25
3102,353
3103,414
3104,433
3105,256
3106,361
3107,57
3108,13
3109,410
3110,450
3111,166
3112,168
3113,239
3114,499
3115,84
3116,263
3117,163
3118,261
3119,163
3120,362
3121,348
3122,348
3123,350
3124,354
3125,435
3126,53
3127,343
3128,129
3129,484
3130,166
3131,486
3132,182
3133,433
3134,380
3135,246
3136,154
3137,18
3138,490
3139,497
3140,182
3141,348
3142,84
3143,496
3144,137
3145,404
3146,406
3147,369
3148,22
3149,466
3150,201
3151,348
3152,354
3153,439
3154,41
3155,497
3156,410
3157,213
3158,269
3159,64
3160,348
3161,471
3162,386
3163,59
3164,269
3165,172
3166,76
3167,340
3168,158
3169,365
3170,84
3171,329
3172,279
3173,62
3174,492
3175,257
3176,348
3177,237
3178,474
3179,382
3180,348
3181,133
3182,193
3183,311
3184,329
3185,348
3186,450
3187,194
3188,132
3189,216
3190,348
3191,385
3192,217
3193,361
3194,382
3195,16
3196,348
3197,379
3198,354
3199,351
3200,87
3201,200
3202,348
3203,201
3204,306
3205,350
3206,354
3207,65
3208,311
3209,201
3210,106
3211,85
3212,339
3213,296
3214,89
3215,246
3216,348
3217,84
3218,460
3219,485
3220,444
3221,39
3222,355
3223,24
3224,12
3225,346
3226,405
3227,192
3228,76
3229,64
3230,311
3231,285
3232,361
3233,246
3234,141
3235,98
3236,20
3237,133
3238,477
3239,180
3240,83
3241,361
3242,267
3243,72
3244,191
3245,348
3246,439
3247,324
3248,498
3249,342
3250,497
3251,440
3252,437
3253,373
3254,348
3255,72
3256,450
3257,499
3258,102
3259,297
3260,20
3261,258
3262,348
3263,247
3264,419
3265,399
3266,177
3267,455
3268,342
3269,348
3270,348
3271,404
3272,24
3273,439
3274,348
3275,54
3276,195
3277,172
3278,133
3279,348
3280,13
3281,489
3282,492
3283,487
3284,371
3285,293
3286,345
3287,103
3288,274
3289,361
3290,246
3291,15
3292,248
3293,377
3294,285
3295,341
3296,302
3297,135
3298,475
3299,132
3300,175
3301,247
3302,353
3303,417
3304,139
3305,18
3306,96
3307,337
3308,94
3309,260
3310,101
3311,147
3312,242
3313,360
3314,495
3315,459
3316,433
3317,311
3318,428
3319,305
3320,127
3321,158
3322,450
3323,354
3324,192
3325,484
3326,348
3327,172
3328,55
3329,453
3330,324
3331,165
3332,497
3333,238
3334,311
3335,350
3336,157
3337,361
3338,284
3339,423
3340,212
3341,270
3342,480
3343,354
3344,132
3345,129
3346,385
3347,311
3348,280
3349,342
3350,446
3351,93
3352,10
3353,484
3354,353
3355,199
3356,18
3357,347
3358,199
3359,329
3360,129
3361,103
3362,314
3363,348
3364,269
3365,34
3366,251
3367,346
3368,347
3369,231
3370,471
3371,27
3372,274
3373,179
3374,468
3375,367
3376,96
3377,470
3378,225
3379,392
3380,203
3381,348
3382,181
3383,292
3384,460
3385,366
3386,267
3387,462
3388,20
3389,232
3390,399
3391,175
3392,353
3393,348
3394,439
3395,348
3396,479
3397,146
3398,88
3399,191
3400,360
3401,391
3402,86
3403,161
3404,307
3405,82
3406,348
3407,158
3408,216
3409,399
3410,346
3411,23
3412,129
3413,86
3414,137
3415,387
3416,66
3417,362
3418,217
3419,354
3420,119
3421,166
3422,404
3423,358
3424,132
3425,127
3426,32
3427,89
3428,161
3429,180
3430,348
3431,240
3432,267
3433,472
3434,348
3435,481
3436,256
3437,353
3438,205
3439,235
3440,269
3441,358
3442,285
3443,108
3444,234
3445,322
3446,354
3447,25
3448,399
3449,293
3450,158
3451,317
3452,65
3453,348
3454,47
3455,404
3456,166
3457,18
3458,102
3459,350
3460,131
3461,12
3462,367
3463,40
3464,480
3465,13
3466,95
3467,33
3468,365
3469,3
3470,329
3471,59
3472,196
3473,210
3474,132
3475,131
3476,132
3477,355
3478,353
3479,355
3480,457
3481,238
3482,336
3483,222
3484,56
3485,307
3486,439
3487,175
3488,383
3489,403
3490,271
3491,414
3492,347
3493,463
3494,268
3495,348
3496,18
3497,355
3498,270
3499,131
3500,204
3501,61
3502,40
3503,190
3504,174
3505,264
3506,131
3507,129
3508,348
3509,460
3510,350
3511,269
3512,114
3513,232
3514,336
3515,104
3516,150
3517,348
3518,38
3519,147
3520,131
3521,246
3522,250
3523,328
3524,444
3525,174
3526,103
3527,249
3528,199
3529,20
3530,85
3531,256
3532,290
3533,270
3534,348
3535,59
3536,101
3537,161
3538,399
3539,476
3540,312
3541,136
3542,348
3543,133
3544,348
3545,351
3546,155
3547,173
3548,374
3549,362
3550,22
3551,454
3552,203
3553,306
3554,12
3555,222
3556,82
3557,366
3558,133
3559,353
3560,456
3561,355
3562,362
3563,288
3564,266
3565,132
3566,391
3567,285
3568,103
3569,421
3570,485
3571,13
3572,258
3573,232
3574,403
3575,409
3576,389
3577,120
3578,459
3579,417
3580,165
3581,348
3582,378
3583,360
3584,192
3585,348
3586,380
3587,285
3588,351
3589,395
3590,262
3591,314
3592,348
3593,81
3594,95
3595,459
3596,182
3597,77
3598,142
3599,273
3600,311
3601,131
3602,51
3603,189
3604,256
3605,487
3606,348
3607,348
3608,444
3609,351
3610,427
3611,260
3612,406
3613,216
3614,348
3615,435
3616,281
3617,355
3618,478
3619,474
3620,348
3621,305
3622,348
3623,348
3624,225
3625,6
3626,260
3627,288
3628,322
3629,256
3630,256
3631,348
3632,295
3633,265
3634,457
3635,453
3636,62
3637,265
3638,329
3639,351
3640,347
3641,348
3642,311
3643,132
3644,155
3645,306
3646,283
3647,184
3648,354
3649,348
3650,360
3651,497
3652,423
3653,279
3654,399
3655,417
3656,199
3657,279
3658,487
3659,348
3660,15
3661,368
3662,246
3663,348
3664,482
3665,477
3666,354
3667,76
3668,17
3669,348
3670,406
3671,421
3672,158
3673,460
3674,447
3675,166
3676,366
3677,348
3678,216
3679,74
3680,157
3681,348
3682,94
3683,78
3684,424
3685,22
3686,348
3687,132
3688,483
3689,133
3690,299
3691,254
3692,166
3693,348
3694,81
3695,167
3696,210
3697,439
3698,185
3699,431
3700,173
3701,74
3702,348
3703,133
3704,348
3705,184
3706,339
3707,168
3708,434
3709,348
3710,166
3711,29
3712,382
3713,286
3714,490
3715,59
3716,260
3717,454
3718,302
3719,133
3720,181
3721,378
3722,453
3723,415
3724,350
3725,200
3726,356
3727,172
3728,329
3729,81
3730,246
3731,312
3732,355
3733,369
3734,381
3735,95
3736,409
3737,90
3738,180
3739,402
3740,348
3741,98
3742,251
3743,255
3744,320
3745,83
3746,81
3747,360
3748,348
3749,113
3750,329
3751,36
3752,311
3753,180
3754,414
3755,110
3756,145
3757,318
3758,243
3759,355
3760,96
3761,276
3762,345
3763,285
3764,466
3765,132
3766,348
3767,340
3768,84
3769,439
3770,421
3771,152
3772,199
3773,285
3774,131
3775,256
3776,444
3777,311
3778,129
3779,97
3780,129
3781,323
3782,132
3783,324
3784,147
3785,401
3786,339
3787,348
3788,203
3789,90
3790,326
3791,348
3792,126
3793,287
3794,216
3795,340
3796,74
3797,254
3798,256
3799,311
3800,72
3801,63
3802,14
3803,353
3804,336
3805,366
3806,199
3807,280
3808,267
3809,289
3810,312
3811,401
3812,412
3813,35
3814,166
3815,272
3816,265
3817,212
3818,477
3819,132
3820,137
3821,301
3822,5
3823,101
3824,198
3825,490
3826,55
3827,355
3828,66
3829,348
3830,22
3831,7
3832,348
3833,312
3834,39
3835,480
3836,188
3837,476
3838,252
3839,348
3840,400
3841,353
3842,348
3843,176
3844,435
3845,147
3846,170
3847,440
3848,138
3849,35
3850,77
3851,329
3852,254
3853,407
3854,469
3855,226
3856,290
3857,380
3858,278
3859,351
3860,141
3861,348
3862,355
3863,111
3864,285
3865,142
3866,157
3867,487
3868,158
3869,157
3870,385
3871,330
3872,263
3873,130
3874,353
3875,182
3876,208
3877,72
3878,88
3879,81
3880,496
3881,492
3882,355
3883,129
3884,471
3885,132
3886,354
3887,228
3888,3
3889,468
3890,348
3891,352
3892,231
3893,247
3894,353
3895,354
3896,9
3897,466
3898,324
3899,366
3900,144
3901,439
3902,420
3903,453
3904,133
3905,311
3906,462
3907,465
3908,114
3909,404
3910,256
3911,246
3912,13
3913,362
3914,498
3915,486
3916,54
3917,275
3918,348
3919,266
3920,454
3921,285
3922,42
3923,404
3924,451
3925,32
3926,285
3927,1
3928,79
3929,203
3930,362
3931,348
3932,112
3933,380
3934,497
3935,348
3936,72
3937,348
3938,54
3939,299
3940,497
3941,48
3942,188
3943,348
3944,348
3945,86
3946,377
3947,426
3948,348
3949,198
3950,282
3951,466
3952,108
3953,82
3954,180
3955,478
3956,118
3957,311
3958,361
3959,400
3960,351
3961,203
3962,140
3963,337
3964,167
3965,210
3966,368
3967,409
3968,227
3969,63
3970,88
3971,482
3972,380
3973,318
3974,343
3975,348
3976,259
3977,133
3978,216
3979,95
3980,457
3981,405
3982,285
3983,141
3984,166
3985,84
3986,46
3987,131
3988,58
3989,351
3990,461
3991,83
3992,354
3993,95
3994,468
3995,108
3996,61
3997,83
3998,380
3999,386
4000,60
4001,346
4002,208
4003,353
4004,72
4005,471
4006,217
4007,267
4008,340
4009,246
4010,18
4011,354
4012,20
4013,166
4014,490
4015,499
4016,431
4017,311
4018,250
4019,467
4020,329
4021,175
4022,311
4023,129
4024,125
4025,132
4026,497
4027,169
4028,18
4029,261
4030,270
4031,84
4032,44
4033,88
4034,490
4035,101
4036,186
4037,425
4038,282
4039,312
4040,487
4041,410
4042,494
4043,168
4044,148
4045,109
4046,67
4047,326
4048,354
4049,4
4050,35
4051,56
4052,446
4053,237
4054,442
4055,475
4056,317
4057,58
4058,120
4059,274
4060,18
4061,288
4062,7
4063,354
4064,311
4065,263
4066,188
4067,348
4068,362
4069,270
4070,448
4071,330
4072,248
4073,327
4074,172
4075,379
4076,348
4077,60
4078,333
4079,490
4080,182
4081,309
4082,348
4083,237
4084,158
4085,256
4086,225
4087,306
4088,433
4089,307
4090,44
4091,133
4092,203
4093,350
4094,223
4095,59
4096,63
4097,369
4098,184
4099,457
4100,479
4101,348
4102,161
4103,300
4104,348
4105,311
4106,129
4107,336
4108,132
4109,374
4110,355
4111,220
4112,265
4113,125
4114,311
4115,311
4116,348
4117,314
4118,231
4119,224
4120,131
4121,227
4122,237
4123,472
4124,286
4125,402
4126,243
4127,36
4128,246
4129,355
4130,79
4131,58
4132,353
4133,177
4134,434
4135,272
4136,216
4137,0
4138,289
4139,161
4140,77
4141,348
4142,205
4143,203
4144,146
4145,203
4146,199
4147,58
4148,201
4149,351
4150,478
4151,353
4152,430
4153,383
4154,234
4155,211
4156,352
4157,41
4158,348
4159,220
4160,116
4161,60
4162,82
4163,54
4164,246
4165,348
4166,132
4167,348
4168,420
4169,183
4170,348
4171,339
4172,348
4173,444
4174,348
4175,27
4176,291
4177,329
4178,346
4179,62
4180,348
4181,144
4182,346
4183,345
4184,355
4185,380
4186,348
4187,129
4188,161
4189,49
4190,348
4191,270
4192,256
4193,199
4194,348
4195,288
4196,72
4197,434
4198,104
4199,435
4200,441
4201,190
4202,428
4203,484
4204,162
4205,351
4206,179
4207,497
4208,165
4209,469
4210,129
4211,60
4212,347
4213,348
4214,265
4215,95
4216,22
4217,404
4218,222
4219,470
4220,361
4221,264
4222,217
4223,348
4224,439
4225,362
4226,383
4227,115
4228,130
4229,336
4230,361
4231,480
4232,100
4233,15
4234,264
4235,351
4236,171
4237,9
4238,361
4239,22
4240,436
4241,25
4242,348
4243,265
4244,353
4245,414
4246,3
4247,112
4248,262
4249,63
4250,216
4251,166
4252,351
4253,348
4254,129
4255,297
4256,478
4257,117
4258,180
4259,369
4260,351
4261,264
4262,410
4263,194
4264,379
4265,208
4266,112
4267,373
4268,119
4269,203
4270,431
4271,70
4272,40
4273,126
4274,164
4275,351
4276,148
4277,216
4278,220
4279,129
4280,228
4281,485
4282,233
4283,284
4284,348
4285,192
4286,246
4287,348
4288,158
4289,20
4290,129
4291,348
4292,342
4293,210
4294,161
4295,348
4296,348
4297,199
4298,72
4299,172
4300,267
4301,120
4302,372
4303,110
4304,218
4305,386
4306,476
4307,137
4308,366
4309,153
4310,220
4311,17
4312,76
4313,158
4314,338
4315,193
4316,353
4317,351
4318,409
4319,425
4320,138
4321,348
4322,223
4323,454
4324,223
4325,342
4326,455
4327,485
4328,229
4329,216
4330,137
4331,95
4332,0
4333,444
4334,175
4335,61
4336,153
4337,348
4338,22
4339,348
4340,119
4341,354
4342,346
4343,146
4344,132
4345,54
4346,428
4347,385
4348,148
4349,88
4350,143
4351,348
4352,133
4353,110
4354,426
4355,366
4356,366
4357,243
4358,199
4359,492
4360,299
4361,127
4362,499
4363,368
4364,373
4365,353
4366,399
4367,348
4368,222
4369,231
4370,30
4371,18
4372,404
4373,258
4374,2
4375,195
4376,41
4377,348
4378,498
4379,68
4380,296
4381,58
4382,306
4383,83
4384,137
4385,264
4386,228
4387,59
4388,296
4389,294
4390,366
4391,250
4392,498
4393,56
4394,167
4395,135
4396,428
4397,150
4398,256
4399,20
4400,285
4401,162
4402,318
4403,181
4404,180
4405,88
4406,18
4407,172
4408,38
4409,97
4410,412
4411,225
4412,129
4413,264
4414,410
4415,111
4416,348
4417,348
4418,498
4419,339
4420,410
4421,175
4422,377
4423,73
4424,439
4425,116
4426,178
4427,132
4428,311
4429,172
4430,439
4431,167
4432,131
4433,44
4434,28
4435,254
4436,433
4437,311
4438,200
4439,307
4440,425
4441,439
4442,151
4443,222
4444,221
4445,347
4446,223
4447,216
4448,353
4449,450
4450,186
4451,252
4452,243
4453,407
4454,132
4455,58
4456,407
4457,392
4458,490
4459,465
4460,311
4461,217
4462,465
4463,191
4464,33
4465,348
4466,107
4467,122
4468,124
4469,64
4470,132
4471,177
4472,391
4473,20
4474,121
4475,183
4476,378
4477,351
4478,63
4479,195
4480,311
4481,216
4482,319
4483,104
4484,401
4485,348
4486,350
4487,100
4488,423
4489,366
4490,115
4491,154
4492,295
4493,484
4494,379
4495,145
4496,355
4497,499
4498,292
4499,301
4500,11
4501,385
4502,243
4503,137
4504,18
4505,420
4506,311
4507,135
4508,139
4509,348
4510,498
4511,399
4512,69
4513,379
4514,81
4515,132
4516,465
4517,446
4518,348
4519,180
4520,287
4521,5
4522,7
4523,473
4524,84
4525,180
4526,381
4527,351
4528,345
4529,320
4530,202
4531,51
4532,129
4533,348
4534,479
4535,473
4536,319
4537,210
4538,54
4539,494
4540,275
4541,327
4542,293
4543,410
4544,39
4545,475
4546,366
4547,181
4548,147
4549,40
4550,88
4551,167
4552,496
4553,174
4554,412
4555,161
4556,355
4557,348
4558,470
4559,18
4560,453
4561,7
4562,348
4563,260
4564,294
4565,49
4566,27
4567,497
4568,165
4569,487
4570,380
4571,419
4572,163
4573,327
4574,122
4575,492
4576,58
4577,323
4578,166
4579,404
4580,262
4581,310
4582,135
4583,380
4584,302
4585,254
4586,235
4587,331
4588,460
4589,392
4590,132
4591,18
4592,72
4593,398
4594,161
4595,434
4596,265
4597,232
4598,177
4599,329
4600,472
4601,366
4602,270
4603,419
4604,430
4605,311
4606,360
4607,365
4608,82
4609,243
4610,49
4611,388
4612,311
4613,184
4614,133
4615,404
4616,130
4617,172
4618,348
4619,352
4620,76
4621,256
4622,449
4623,329
4624,348
4625,85
4626,101
4627,447
4628,333
4629,361
4630,307
4631,348
4632,89
4633,172
4634,348
4635,61
4636,377
4637,54
4638,261
4639,311
4640,276
4641,374
4642,348
4643,347
4644,366
4645,174
4646,348
4647,427
4648,339
4649,329
4650,183
4651,374
4652,270
4653,113
4654,351
4655,68
4656,348
4657,167
4658,81
4659,353
4660,18
4661,285
4662,34
4663,121
4664,313
4665,388
4666,311
4667,9
4668,69
4669,479
4670,417
4671,135
4672,165
4673,458
4674,449
4675,315
4676,393
4677,58
4678,484
4679,354
4680,462
4681,41
4682,123
4683,316
4684,104
4685,257
4686,233
4687,270
4688,353
4689,5
4690,148
4691,351
4692,270
4693,72
4694,86
4695,348
4696,383
4697,355
4698,133
4699,348
4700,104
4701,334
4702,188
4703,344
4704,348
4705,479
4706,272
4707,487
4708,342
4709,267
4710,391
4711,119
4712,439
4713,104
4714,58
4715,198
4716,333
4717,361
4718,35
4719,483
4720,268
4721,129
4722,348
4723,348
4724,348
4725,95
4726,459
4727,312
4728,390
4729,316
4730,355
4731,439
4732,348
4733,362
4734,348
4735,481
4736,34
4737,183
4738,319
4739,350
4740,409
4741,311
4742,312
4743,54
4744,348
4745,322
4746,373
4747,344
4748,216
4749,195
4750,99
4751,490
4752,478
4753,172
4754,247
4755,355
4756,345
4757,206
4758,139
4759,89
4760,444
4761,37
4762,147
4763,273
4764,269
4765,358
4766,45
4767,440
4768,481
4769,417
4770,24
4771,129
4772,344
4773,147
4774,210
4775,348
4776,344
4777,146
4778,322
4779,162
4780,83
4781,4
4782,184
4783,404
4784,407
4785,195
4786,435
4787,348
4788,291
4789,329
4790,212
4791,324
4792,317
4793,490
4794,172
4795,462
4796,323
4797,348
4798,225
4799,399
4800,18
4801,350
4802,187
4803,223
4804,311
4805,39
4806,217
4807,172
4808,131
4809,90
4810,348
4811,7
4812,301
4813,38
4814,354
4815,470
4816,345
4817,94
4818,129
4819,348
4820,215
4821,328
4822,164
4823,352
4824,121
4825,108
4826,324
4827,435
4828,216
4829,417
4830,351
4831,184
4832,347
4833,148
4834,409
4835,128
4836,360
4837,37
4838,152
4839,131
4840,269
4841,251
4842,325
4843,487
4844,144
4845,129
4846,304
4847,311
4848,483
4849,487
4850,93
4851,10
4852,199
4853,99
4854,481
4855,450
4856,346
4857,31
4858,251
4859,444
4860,187
4861,348
4862,132
4863,48
4864,311
4865,129
4866,404
4867,482
4868,305
4869,129
4870,238
4871,335
4872,392
4873,348
4874,165
4875,316
4876,158
4877,354
4878,462
4879,95
4880,439
4881,462
4882,348
4883,454
4884,90
4885,355
4886,339
4887,33
4888,348
4889,444
4890,154
4891,256
4892,17
4893,348
4894,350
4895,29
4896,496
4897,307
4898,174
4899,185
4900,497
4901,347
4902,223
4903,45
4904,390
4905,87
4906,21
4907,362
4908,105
4909,285
4910,239
4911,27
4912,481
4913,239
4914,473
4915,348
4916,348
4917,123
4918,491
4919,132
4920,20
4921,480
4922,348
4923,447
4924,348
4925,1
4926,133
4927,462
4928,443
4929,460
4930,465
4931,350
4932,388
4933,316
4934,439
4935,38
4936,384
4937,374
4938,320
4939,72
4940,409
4941,421
4942,481
4943,20
4944,347
4945,346
4946,35
4947,247
4948,230
4949,132
4950,367
4951,216
4952,348
4953,439
4954,21
4955,409
4956,348
4957,388
4958,148
4959,81
4960,286
4961,95
4962,8
4963,360
4964,351
4965,126
4966,346
4967,220
4968,72
4969,311
4970,224
4971,450
4972,436
4973,228
4974,131
4975,354
4976,314
4977,477
4978,19
4979,10
4980,302
4981,284
4982,498
4983,321
4984,133
4985,148
4986,39
4987,278
4988,254
4989,354
4990,177
4991,21
4992,135
4993,354
4994,132
4995,314
4996,458
4997,18
4998,348
4999,329
5000,348
5001,439
5002,259
5003,342
5004,487
5005,348
5006,384
5007,348
5008,310
5009,106
5010,363
5011,450
5012,72
5013,477
5014,88
5015,331
5016,128
5017,305
5018,311
5019,344
5020,406
5021,329
5022,348
5023,340
5024,138
5025,476
5026,72
5027,366
5028,348
5029,123
5030,406
5031,107
5032,348
5033,348
5034,348
5035,355
5036,58
5037,354
5038,409
5039,131
5040,353
5041,129
5042,473
5043,258
5044,472
5045,82
5046,273
5047,311
5048,275
5049,329
5050,374
5051,348
5052,97
5053,348
5054,277
5055,109
5056,158
5057,361
5058,224
5059,138
5060,66
5061,204
5062,272
5063,361
5064,322
5065,113
5066,184
5067,348
5068,161
5069,25
5070,437
5071,147
5072,129
5073,348
5074,213
5075,129
5076,44
5077,76
5078,347
5079,463
5080,116
5081,296
5082,118
5083,167
5084,283
5085,33
5086,231
5087,148
5088,414
5089,189
5090,295
5091,111
5092,126
5093,175
5094,415
5095,98
5096,132
5097,346
5098,212
5099,487
5100,95
5101,329
5102,414
5103,184
5104,348
5105,368
5106,59
5107,439
5108,348
5109,123
5110,129
5111,348
5112,423
5113,463
5114,270
5115,284
5116,428
5117,99
5118,486
5119,56
5120,427
5121,270
5122,400
5123,380
5124,450
5125,391
5126,294
5127,426
5128,393
5129,311
5130,208
5131,351
5132,265
5133,447
5134,353
5135,294
5136,340
5137,348
5138,460
5139,382
5140,431
5141,278
5142,317
5143,472
5144,194
5145,348
5146,467
5147,129
5148,53
5149,214
5150,404
5151,354
5152,381
5153,188
5154,52
5155,123
5156,29
5157,246
5158,180
5159,133
5160,403
5161,428
5162,454
5163,164
5164,148
5165,7
5166,310
5167,6
5168,339
5169,68
5170,370
5171,173
5172,180
5173,199
5174,159
5175,450
5176,310
5177,353
5178,132
5179,348
5180,450
5181,274
5182,439
5183,348
5184,439
5185,496
5186,256
5187,348
5188,158
5189,355
5190,427
5191,311
5192,180
5193,282
5194,218
5195,104
5196,238
5197,111
5198,135
5199,31
5200,172
5201,25
5202,380
5203,128
5204,144
5205,25
5206,232
5207,120
5208,111
5209,149
5210,211
5211,269
5212,328
5213,270
5214,433
5215,193
5216,129
5217,163
5218,423
5219,345
5220,449
5221,79
5222,270
5223,431
5224,350
5225,386
5226,169
5227,421
5228,339
5229,88
5230,362
5231,197
5232,489
5233,223
5234,348
5235,59
5236,287
5237,382
5238,402
5239,404
5240,78
5241,284
5242,124
5243,265
5244,165
5245,246
5246,476
5247,119
5248,346
5249,79
5250,485
5251,497
5252,167
5253,294
5254,160
5255,331
5256,20
5257,118
5258,348
5259,348
5260,390
5261,311
5262,161
5263,341
5264,348
5265,464
5266,76
5267,14
5268,133
5269,19
5270,146
5271,496
5272,499
5273,311
5274,184
5275,285
5276,149
5277,459
5278,17
5279,492
5280,18
5281,428
5282,201
5283,350
5284,467
5285,288
5286,212
5287,268
5288,348
5289,351
5290,209
5291,173
5292,204
5293,256
5294,380
5295,419
5296,333
5297,84
5298,354
5299,157
5300,1
5301,348
5302,225
5303,319
5304,347
5305,374
5306,346
5307,75
5308,14
5309,10
5310,205
5311,180
5312,420
5313,446
5314,348
5315,248
5316,223
5317,287
5318,353
5319,448
5320,198
5321,354
5322,353
5323,290
5324,159
5325,158
5326,354
5327,439
5328,255
5329,484
5330,197
5331,361
5332,83
5333,447
5334,361
5335,86
5336,354
5337,112
5338,310
5339,491
5340,248
5341,448
5342,223
5343,138
5344,433
5345,348
5346,194
5347,470
5348,470
5349,119
5350,348
5351,414
5352,158
5353,147
5354,179
5355,429
5356,199
5357,43
5358,267
5359,51
5360,399
5361,441
5362,223
5363,310
5364,311
5365,492
5366,196
5367,441
5368,348
5369,371
5370,212
5371,348
5372,212
5373,213
5374,182
5375,129
5376,66
5377,348
5378,463
5379,251
5380,60
5381,12
5382,21
5383,316
5384,53
5385,207
5386,63
5387,155
5388,369
5389,396
5390,347
5391,118
5392,222
5393,348
5394,54
5395,355
5396,348
5397,209
5398,348
5399,453
5400,372
5401,360
5402,348
5403,362
5404,228
5405,479
5406,195
5407,256
5408,360
5409,476
5410,197
5411,285
5412,8
5413,9
5414,348
5415,18
5416,322
5417,350
5418,129
5419,93
5420,352
5421,402
5422,463
5423,361
5424,78
5425,132
5426,43
5427,353
5428,317
5429,177
5430,348
5431,350
5432,492
5433,348
5434,348
5435,130
5436,101
5437,348
5438,242
5439,135
5440,481
5441,183
5442,145
5443,487
5444,218
5445,396
5446,346
5447,278
5448,346
5449,31
5450,238
5451,66
5452,261
5453,348
5454,353
5455,17
5456,132
5457,294
5458,385
5459,286
5460,18
5461,351
5462,371
5463,84
5464,196
5465,138
5466,311
5467,311
5468,348
5469,456
5470,42
5471,189
5472,336
5473,457
5474,167
5475,455
5476,433
5477,366
5478,158
5479,348
5480,497
5481,287
5482,232
5483,104
5484,101
5485,380
5486,409
5487,153
5488,325
5489,466
5490,137
5491,148
5492,160
5493,204
5494,348
5495,255
5496,183
5497,83
5498,256
5499,316
5500,267
5501,129
5502,246
5503,132
5504,231
5505,0
5506,121
5507,337
5508,369
5509,245
5510,333
5511,255
5512,131
5513,469
5514,329
5515,216
5516,370
5517,487
5518,355
5519,350
5520,362
5521,492
5522,246
5523,354
5524,423
5525,230
5526,482
5527,458
5528,28
5529,143
5530,133
5531,148
5532,109
5533,311
5534,246
5535,380
5536,348
5537,99
5538,33
5539,360
5540,64
5541,355
5542,348
5543,354
5544,18
5545,203
5546,181
5547,180
5548,117
5549,272
5550,435
5551,168
5552,348
5553,284
5554,84
5555,445
5556,85
5557,341
5558,439
5559,59
5560,239
5561,346
5562,348
5563,210
5564,312
5565,355
5566,44
5567,220
5568,43
5569,348
5570,254
5571,83
5572,348
5573,287
5574,362
5575,67
5576,56
5577,198
5578,15
5579,115
5580,348
5581,354
5582,347
5583,222
5584,120
5585,156
5586,132
5587,92
5588,348
5589,476
5590,123
5591,426
5592,348
5593,56
5594,59
5595,66
5596,201
5597,130
5598,489
5599,348
5600,135
5601,372
5602,373
5603,54
5604,180
5605,242
5606,350
5607,451
5608,267
5609,123
5610,311
5611,82
5612,412
5613,348
5614,275
5615,465
5616,351
5617,329
5618,270
5619,354
5620,131
5621,494
5622,329
5623,306
5624,348
5625,348
5626,174
5627,398
5628,84
5629,71
5630,95
5631,88
5632,158
5633,72
5634,22
5635,399
5636,285
5637,339
5638,64
5639,200
5640,424
5641,5
5642,183
5643,498
5644,456
5645,339
5646,235
5647,260
5648,234
5649,13
5650,358
5651,376
5652,241
5653,471
5654,294
5655,9
5656,85
5657,481
5658,464
5659,68
5660,234
5661,494
5662,143
5663,360
5664,311
5665,26
5666,468
5667,45
5668,89
5669,59
5670,59
5671,273
5672,476
5673,150
5674,281
5675,389
5676,183
5677,354
5678,429
5679,380
5680,129
5681,351
5682,177
5683,72
5684,348
5685,420
5686,348
5687,393
5688,28
5689,497
5690,12
5691,47
5692,347
5693,203
5694,497
5695,89
5696,133
5697,366
5698,495
5699,209
5700,368
5701,329
5702,70
5703,353
5704,217
5705,450
5706,248
5707,285
5708,406
5709,362
5710,39
5711,84
5712,271
5713,83
5714,95
5715,139
5716,204
5717,40
5718,348
5719,362
5720,380
5721,365
5722,49
5723,199
5724,212
5725,246
5726,256
5727,284
5728,79
5729,404
5730,373
5731,351
5732,135
5733,195
5734,277
5735,154
5736,33
5737,273
5738,209
5739,148
5740,460
5741,324
5742,347
5743,153
5744,123
5745,83
5746,115
5747,161
5748,353
5749,80
5750,87
5751,351
5752,197
5753,353
5754,18
5755,426
5756,250
5757,439
5758,278
5759,360
5760,367
5761,243
5762,453
5763,132
5764,243
5765,337
5766,446
5767,237
5768,235
5769,456
5770,321
5771,219
5772,166
5773,488
5774,132
5775,431
5776,256
5777,350
5778,495
5779,178
5780,351
5781,430
5782,402
5783,183
5784,348
5785,327
5786,22
5787,87
5788,329
5789,411
5790,354
5791,203
5792,105
5793,310
5794,84
5795,424
5796,101
5797,404
5798,498
5799,241
5800,215
5801,300
5802,353
5803,85
5804,52
5805,104
5806,384
5807,365
5808,439
5809,185
5810,147
5811,169
5812,223
5813,36
5814,365
5815,329
5816,72
5817,348
5818,293
5819,117
5820,318
5821,391
5822,351
5823,423
5824,348
5825,348
5826,28
5827,380
5828,137
5829,433
5830,72
5831,66
5832,307
5833,469
5834,179
5835,311
5836,104
5837,256
5838,40
5839,288
5840,333
5841,449
5842,125
5843,351
5844,341
5845,172
5846,344
5847,28
5848,361
5849,127
5850,94
5851,348
5852,369
5853,440
5854,185
5855,333
5856,148
5857,325
5858,264
5859,102
5860,83
5861,255
5862,148
5863,311
5864,350
5865,321
5866,449
5867,93
5868,233
5869,498
5870,117
5871,348
5872,256
5873,172
5874,85
5875,435
5876,84
5877,237
5878,211
5879,385
5880,362
5881,348
5882,13
5883,496
5884,250
5885,196
5886,475
5887,388
5888,311
5889,57
5890,231
5891,77
5892,453
5893,59
5894,8
5895,184
5896,143
5897,287
5898,348
5899,311
5900,410
5901,348
5902,172
5903,256
5904,248
5905,110
5906,166
5907,99
5908,458
5909,81
5910,348
5911,93
5912,324
5913,210
5914,354
5915,388
5916,81
5917,367
5918,212
5919,448
5920,135
5921,353
5922,95
5923,348
5924,476
5925,311
5926,306
5927,200
5928,356
5929,380
5930,241
5931,425
5932,265
5933,129
5934,325
5935,252
5936,355
5937,25
5938,366
5939,368
5940,411
5941,212
5942,433
5943,123
5944,102
5945,225
5946,422
5947,248
5948,307
5949,270
5950,60
5951,256
5952,137
5953,40
5954,454
5955,132
5956,348
5957,205
5958,348
5959,231
5960,368
5961,348
5962,58
5963,205
5964,348
5965,246
5966,234
5967,195
5968,351
5969,373
5970,158
5971,160
5972,132
5973,398
5974,346
5975,348
5976,223
5977,250
5978,473
5979,354
5980,353
5981,469
5982,444
5983,348
5984,348
5985,129
5986,228
5987,476
5988,79
5989,233
5990,47
5991,84
5992,210
5993,438
5994,348
5995,361
5996,114
5997,77
5998,390
5999,201
6000,83
6001,348
6002,456
6003,487
6004,329
6005,62
6006,136
6007,16
6008,250
6009,147
6010,72
6011,84
6012,211
6013,421
6014,386
6015,348
6016,44
6017,348
6018,331
6019,126
6020,303
6021,45
6022,216
6023,380
6024,133
6025,247
6026,59
6027,104
6028,282
6029,216
6030,348
6031,415
6032,265
6033,148
6034,223
6035,185
6036,28
6037,245
6038,348
6039,446
6040,267
6041,348
6042,146
6043,348
6044,80
6045,50
6046,348
6047,337
6048,240
6049,348
6050,1
6051,347
6052,366
6053,329
6054,116
6055,164
6056,329
6057,256
6058,145
6059,136
6060,433
6061,132
6062,172
6063,360
6064,365
6065,365
6066,180
6067,366
6068,67
6069,401
6070,423
6071,396
6072,444
6073,481
6074,348
6075,160
6076,305
6077,444
6078,133
6079,338
6080,455
6081,189
6082,348
6083,174
6084,287
6085,176
6086,342
6087,17
6088,463
6089,299
6090,79
6091,262
6092,393
6093,262
6094,410
6095,348
6096,88
6097,483
6098,322
6099,18
6100,351
6101,219
6102,82
6103,163
6104,61
6105,35
6106,348
6107,311
6108,140
6109,467
6110,166
6111,64
6112,455
6113,80
6114,348
6115,133
6116,392
6117,348
6118,406
6119,463
6120,383
6121,248
6122,324
6123,263
6124,58
6125,369
6126,443
6127,356
6128,90
6129,132
6130,187
6131,214
6132,328
6133,175
6134,95
6135,385
6136,269
6137,294
6138,353
6139,344
6140,410
6141,216
6142,377
6143,348
6144,348
6145,85
6146,446
6147,456
6148,331
6149,8
6150,250
6151,164
6152,167
6153,7
6154,199
6155,252
6156,354
6157,84
6158,351
6159,210
6160,50
6161,368
6162,338
6163,366
6164,440
6165,354
6166,348
6167,348
6168,122
6169,40
6170,391
6171,74
6172,56
6173,402
6174,348
6175,2
6176,49
6177,133
6178,431
6179,151
6180,355
6181,39
6182,206
6183,179
6184,246
6185,477
6186,37
6187,348
6188,348
6189,334
6190,246
6191,85
6192,361
6193,90
6194,290
6195,339
6196,348
6197,465
6198,228
6199,189
6200,348
6201,250
6202,158
6203,180
6204,339
6205,348
6206,256
6207,353
6208,322
6209,348
6210,361
6211,403
6212,496
6213,487
6214,314
6215,348
6216,252
6217,380
6218,129
6219,72
6220,1
6221,311
6222,132
6223,427
6224,185
6225,3
6226,246
6227,344
6228,55
6229,361
6230,463
6231,132
6232,487
6233,188
6234,89
6235,439
6236,123
6237,131
6238,302
6239,161
6240,348
6241,123
6242,366
6243,72
6244,348
6245,404
6246,202
6247,348
6248,131
6249,383
6250,311
6251,374
6252,312
6253,361
6254,430
6255,396
6256,272
6257,439
6258,158
6259,40
6260,347
6261,348
6262,110
6263,129
6264,348
6265,311
6266,497
6267,266
6268,348
6269,85
6270,280
6271,203
6272,135
6273,67
6274,86
6275,348
6276,291
6277,361
6278,200
6279,293
6280,267
6281,337
6282,78
6283,252
6284,348
6285,462
6286,130
6287,84
6288,456
6289,2
6290,326
6291,382
6292,239
6293,176
6294,302
6295,442
6296,369
6297,305
6298,455
6299,348
6300,302
6301,499
6302,348
6303,458
6304,299
6305,311
6306,132
6307,343
6308,182
6309,41
6310,114
6311,123
6312,43
6313,351
6314,72
6315,194
6316,346
6317,354
6318,83
6319,146
6320,276
6321,348
6322,18
6323,71
6324,348
6325,355
6326,107
6327,348
6328,222
6329,351
6330,466
6331,348
6332,288
6333,309
6334,348
6335,299
6336,404
6337,472
6338,216
6339,272
6340,384
6341,234
6342,311
6343,348
6344,66
6345,243
6346,33
6347,338
6348,311
6349,135
6350,135
6351,162
6352,481
6353,318
6354,354
6355,58
6356,310
6357,129
6358,419
6359,129
6360,101
6361,311
6362,311
6363,334
6364,464
6365,305
6366,86
6367,47
6368,261
6369,348
6370,434
6371,138
6372,186
6373,360
6374,348
6375,89
6376,325
6377,61
6378,3
6379,353
6380,311
6381,7
6382,269
6383,353
6384,348
6385,348
6386,361
6387,368
6388,172
6389,380
6390,184
6391,246
6392,319
6393,439
6394,350
6395,353
6396,311
6397,282
6398,245
6399,439
6400,339
6401,178
6402,355
6403,83
6404,287
6405,362
6406,132
6407,166
6408,365
6409,492
6410,371
6411,391
6412,131
6413,329
6414,311
6415,347
6416,2
6417,158
6418,427
6419,203
6420,409
6421,453
6422,326
6423,46
6424,243
6425,62
6426,254
6427,265
6428,108
6429,395
6430,404
6431,420
6432,463
6433,374
6434,89
6435,199
6436,22
6437,182
6438,69
6439,348
6440,195
6441,391
6442,262
6443,437
6444,365
6445,15
6446,132
6447,199
6448,129
6449,366
6450,258
6451,170
6452,340
6453,14
6454,44
6455,14
6456,135
6457,216
6458,46
6459,348
6460,53
6461,338
6462,348
6463,351
6464,32
6465,127
6466,348
6467,233
6468,333
6469,348
6470,324
6471,208
6472,73
6473,222
6474,458
6475,178
6476,379
6477,487
6478,433
6479,348
6480,149
6481,476
6482,229
6483,392
6484,149
6485,348
6486,43
6487,348
6488,126
6489,23
6490,329
6491,348
6492,270
6493,338
6494,362
6495,129
6496,54
6497,348
6498,348
6499,256
6500,348
6501,286
6502,460
6503,340
6504,348
6505,18
6506,250
6507,58
6508,354
6509,495
6510,270
6511,409
6512,348
6513,336
6514,208
6515,306
6516,348
6517,160
6518,348
6519,72
6520,241
6521,435
6522,348
6523,220
6524,437
6525,135
6526,279
6527,146
6528,131
6529,249
6530,199
6531,237
6532,348
6533,463
6534,464
6535,42
6536,358
6537,328
6538,498
6539,129
6540,163
6541,439
6542,118
6543,111
6544,411
6545,348
6546,227
6547,348
6548,244
6549,189
6550,267
6551,267
6552,169
6553,20
6554,250
6555,256
6556,166
6557,382
6558,275
6559,6
6560,348
6561,396
6562,263
6563,166
6564,353
6565,284
6566,46
6567,311
6568,246
6569,348
6570,347
6571,183
6572,330
6573,311
6574,74
6575,311
6576,177
6577,354
6578,348
6579,129
6580,274
6581,420
6582,132
6583,439
6584,218
6585,348
6586,138
6587,265
6588,460
6589,161
6590,351
6591,209
6592,35
6593,351
6594,348
6595,348
6596,285
6597,341
6598,425
6599,300
6600,285
6601,425
6602,257
6603,348
6604,464
6605,353
6606,339
6607,173
6608,324
6609,374
6610,186
6611,110
6612,339
6613,460
6614,353
6615,223
6616,47
6617,417
6618,269
6619,58
6620,277
6621,348
6622,210
6623,299
6624,354
6625,70
6626,185
6627,83
6628,404
6629,374
6630,265
6631,211
6632,58
6633,72
6634,186
6635,41
6636,33
6637,104
6638,136
6639,150
6640,56
6641,361
6642,311
6643,463
6644,130
6645,348
6646,312
6647,361
6648,348
6649,350
6650,24
6651,355
6652,207
6653,348
6654,129
6655,348
6656,190
6657,366
6658,108
6659,88
6660,286
6661,85
6662,223
6663,222
6664,311
6665,346
6666,250
6667,347
6668,36
6669,348
6670,358
6671,384
6672,135
6673,342
6674,79
6675,73
6676,319
6677,291
6678,350
6679,116
6680,348
6681,348
6682,371
6683,452
6684,56
6685,412
6686,310
6687,162
6688,177
6689,216
6690,267
6691,355
6692,23
6693,267
6694,314
6695,301
6696,128
6697,210
6698,392
6699,353
6700,212
6701,478
6702,56
6703,373
6704,423
6705,129
6706,487
6707,255
6708,312
6709,193
6710,261
6711,487
6712,132
6713,302
6714,348
6715,199
6716,311
6717,217
6718,453
6719,350
6720,350
6721,348
6722,351
6723,362
6724,409
6725,355
6726,351
6727,339
6728,382
6729,63
6730,277
6731,192
6732,439
6733,332
6734,108
6735,267
6736,311
6737,241
6738,464
6739,131
6740,355
6741,4
6742,110
6743,43
6744,348
6745,460
6746,35
6747,115
6748,360
6749,348
6750,463
6751,121
6752,138
6753,446
6754,400
6755,429
6756,142
6757,27
6758,348
6759,318
6760,143
6761,222
6762,366
6763,323
6764,131
6765,60
6766,54
6767,446
6768,354
6769,111
6770,230
6771,15
6772,348
6773,351
6774,404
6775,311
6776,216
6777,49
6778,381
6779,54
6780,387
6781,270
6782,302
6783,7
6784,262
6785,62
6786,200
6787,355
6788,172
6789,161
6790,59
6791,267
6792,148
6793,162
6794,88
6795,68
6796,347
6797,476
6798,145
6799,216
6800,345
6801,72
6802,322
6803,439
6804,158
6805,58
6806,283
6807,400
6808,497
6809,282
6810,277
6811,457
6812,353
6813,441
6814,18
6815,353
6816,146
6817,314
6818,284
6819,353
6820,100
6821,132
6822,72
6823,311
6824,300
6825,152
6826,446
6827,365
6828,307
6829,262
6830,460
6831,51
6832,209
6833,252
6834,31
6835,441
6836,262
6837,439
6838,72
6839,278
6840,16
6841,351
6842,399
6843,227
6844,348
6845,360
6846,314
6847,361
6848,177
6849,351
6850,481
6851,86
6852,351
6853,280
6854,163
6855,218
6856,329
6857,154
6858,425
6859,154
6860,327
6861,226
6862,258
6863,314
6864,37
6865,439
6866,104
6867,460
6868,270
6869,471
6870,254
6871,348
6872,264
6873,311
6874,355
6875,436
6876,314
6877,89
6878,234
6879,311
6880,52
6881,334
6882,140
6883,348
6884,101
6885,246
6886,302
6887,238
6888,338
6889,160
6890,473
6891,299
6892,88
6893,204
6894,197
6895,391
6896,365
6897,340
6898,495
6899,230
6900,129
6901,119
6902,348
6903,358
6904,230
6905,311
6906,109
6907,348
6908,460
6909,304
6910,400
6911,135
6912,150
6913,311
6914,446
6915,344
6916,412
6917,263
6918,84
6919,412
6920,470
6921,172
6922,109
6923,42
6924,132
6925,348
6926,348
6927,387
6928,62
6929,329
6930,348
6931,285
6932,199
6933,353
6934,2
6935,222
6936,351
6937,175
6938,60
6939,425
6940,123
6941,431
6942,348
6943,129
6944,49
6945,348
6946,9
6947,310
6948,437
6949,414
6950,258
6951,342
6952,316
6953,330
6954,129
6955,361
6956,203
6957,354
6958,221
6959,439
6960,126
6961,305
6962,159
6963,87
6964,337
6965,339
6966,419
6967,188
6968,348
6969,270
6970,106
6971,289
6972,385
6973,348
6974,366
6975,414
6976,14
6977,256
6978,241
6979,350
6980,168
6981,446
6982,172
6983,222
6984,348
6985,411
6986,367
6987,459
6988,351
6989,355
6990,279
6991,88
6992,90
6993,88
6994,15
6995,352
6996,466
6997,172
6998,18
6999,304
7000,402
7001,434
7002,94
7003,17
7004,93
7005,313
7006,166
7007,161
7008,226
7009,56
7010,439
7011,311
7012,353
7013,115
7014,90
7015,348
7016,135
7017,324
7018,496
7019,383
7020,346
7021,172
7022,71
7023,291
7024,314
7025,398
7026,414
7027,233
7028,157
7029,195
7030,223
7031,59
7032,348
7033,496
7034,281
7035,33
7036,406
7037,212
7038,477
7039,269
7040,249
7041,275
7042,286
7043,333
7044,311
7045,348
7046,348
7047,487
7048,353
7049,84
7050,69
7051,70
7052,354
7053,323
7054,406
7055,407
7056,138
7057,311
7058,355
7059,86
7060,353
7061,348
7062,353
7063,182
7064,176
7065,66
7066,54
7067,380
7068,96
7069,348
7070,473
7071,33
7072,355
7073,56
7074,379
7075,484
7076,348
7077,221
7078,166
7079,216
7080,169
7081,424
7082,72
7083,245
7084,271
7085,256
7086,103
7087,209
7088,165
7089,383
7090,256
7091,58
7092,348
7093,487
7094,444
7095,11
7096,95
7097,213
7098,261
7099,368
7100,311
7101,7
7102,50
7103,145
7104,336
7105,385
7106,199
7107,351
7108,17
7109,120
7110,400
7111,242
7112,288
7113,342
7114,129
7115,384
7116,178
7117,58
7118,217
7119,135
7120,218
7121,475
7122,480
7123,348
7124,141
7125,281
7126,106
7127,435
7128,201
7129,145
7130,33
7131,194
7132,488
7133,467
7134,72
7135,276
7136,348
7137,457
7138,166
7139,446
7140,311
7141,115
7142,78
7143,171
7144,350
7145,393
7146,497
7147,346
7148,217
7149,164
7150,132
7151,58
7152,33
7153,123
7154,132
7155,106
7156,199
7157,163
7158,212
7159,283
7160,64
7161,105
7162,14
7163,366
7164,240
7165,450
7166,427
7167,350
7168,311
7169,22
7170,306
7171,366
7172,43
7173,131
7174,81
7175,188
7176,48
7177,348
7178,160
7179,353
7180,362
7181,351
7182,389
7183,497
7184,143
7185,234
7186,260
7187,127
7188,493
7189,329
7190,423
7191,165
7192,43
7193,72
7194,4
7195,449
7196,361
7197,246
7198,353
7199,86
7200,55
7201,348
7202,385
7203,348
7204,484
7205,440
7206,287
7207,209
7208,192
7209,476
7210,423
7211,84
7212,480
7213,348
7214,341
7215,351
7216,282
7217,339
7218,199
7219,10
7220,287
7221,369
7222,133
7223,446
7224,329
7225,332
7226,450
7227,191
7228,106
7229,95
7230,374
7231,88
7232,345
7233,217
7234,141
7235,402
7236,348
7237,188
7238,368
7239,54
7240,161
7241,348
7242,66
7243,22
7244,27
7245,232
7246,369
7247,265
7248,192
7249,257
7250,85
7251,362
7252,417
7253,388
7254,162
7255,354
7256,392
7257,232
7258,404
7259,491
7260,102
7261,334
7262,351
7263,496
7264,252
7265,369
7266,216
7267,8
7268,402
7269,423
7270,307
7271,392
7272,320
7273,135
7274,396
7275,109
7276,355
7277,276
7278,348
7279,348
7280,459
7281,348
7282,348
7283,1
7284,137
7285,288
7286,493
7287,210
7288,84
7289,132
7290,18
7291,345
7292,487
7293,129
7294,311
7295,473
7296,399
7297,142
7298,72
7299,366
7300,323
7301,489
7302,197
7303,329
7304,481
7305,361
7306,346
7307,351
7308,389
7309,205
7310,389
7311,348
7312,157
7313,404
7314,34
7315,481
7316,348
7317,311
7318,348
7319,208
7320,351
7321,252
7322,95
7323,251
7324,120
7325,435
7326,393
7327,89
7328,161
7329,320
7330,355
7331,348
7332,410
7333,105
7334,52
7335,23
7336,450
7337,98
7338,400
7339,355
7340,227
7341,484
7342,133
7343,123
7344,146
7345,353
7346,439
7347,460
7348,317
7349,187
7350,80
7351,348
7352,348
7353,483
7354,89
7355,184
7356,278
7357,384
7358,351
7359,464
7360,270
7361,374
7362,498
7363,320
7364,2
7365,341
7366,311
7367,333
7368,497
7369,146
7370,101
7371,348
7372,329
7373,348
7374,400
7375,41
7376,348
7377,199
7378,332
7379,348
7380,184
7381,361
7382,100
7383,242
7384,311
7385,141
7386,348
7387,163
7388,165
7389,494
7390,72
7391,129
7392,396
7393,434
7394,361
7395,12
7396,496
7397,148
7398,120
7399,495
7400,250
7401,142
7402,366
7403,302
7404,294
7405,182
7406,318
7407,434
7408,30
7409,191
7410,362
7411,306
7412,209
7413,348
7414,138
7415,210
7416,49
7417,52
7418,326
7419,268
7420,182
7421,88
7422,97
7423,406
7424,348
7425,361
7426,107
7427,366
7428,222
7429,258
7430,288
7431,22
7432,351
7433,438
7434,189
7435,26
7436,311
7437,348
7438,463
7439,7
7440,135
7441,317
7442,55
7443,216
7444,220
7445,250
7446,348
7447,348
7448,434
7449,27
7450,195
7451,9
7452,154
7453,447
7454,247
7455,245
7456,439
7457,426
7458,488
7459,156
7460,339
7461,348
7462,198
7463,133
7464,235
7465,391
7466,348
7467,129
7468,239
7469,439
7470,353
7471,334
7472,104
7473,365
7474,95
7475,438
7476,368
7477,353
7478,348
7479,299
7480,165
7481,337
7482,180
7483,431
7484,492
7485,412
7486,314
7487,279
7488,11
7489,379
7490,302
7491,410
7492,387
7493,348
7494,467
7495,404
7496,439
7497,113
7498,494
7499,498
7500,385
7501,402
7502,20
7503,56
7504,311
7505,83
7506,246
7507,165
7508,348
7509,478
7510,443
7511,350
7512,242
7513,388
7514,84
7515,406
7516,348
7517,131
7518,99
7519,479
7520,204
7521,311
7522,63
7523,355
7524,246
7525,343
7526,74
7527,447
7528,365
7529,151
7530,339
7531,380
7532,164
7533,485
7534,55
7535,369
7536,166
7537,481
7538,340
7539,348
7540,132
7541,265
7542,129
7543,284
7544,374
7545,347
7546,348
7547,311
7548,270
7549,247
7550,307
7551,195
7552,32
7553,137
7554,323
7555,66
7556,354
7557,401
7558,356
7559,58
7560,18
7561,61
7562,467
7563,345
7564,196
7565,19
7566,249
7567,379
7568,62
7569,122
7570,412
7571,144
7572,419
7573,354
7574,409
7575,460
7576,467
7577,361
7578,311
7579,306
7580,197
7581,340
7582,468
7583,287
7584,18
7585,22
7586,96
7587,201
7588,351
7589,86
7590,171
7591,131
7592,102
7593,89
7594,473
7595,348
7596,347
7597,188
7598,482
7599,166
7600,56
7601,211
7602,111
7603,323
7604,287
7605,324
7606,369
7607,132
7608,497
7609,380
7610,422
7611,396
7612,399
7613,348
7614,201
7615,354
7616,222
7617,437
7618,182
7619,30
7620,444
7621,29
7622,174
7623,348
7624,287
7625,114
7626,129
7627,95
7628,340
7629,119
7630,476
7631,350
7632,329
7633,353
7634,230
7635,141
7636,470
7637,270
7638,355
7639,23
7640,356
7641,348
7642,472
7643,126
7644,223
7645,400
7646,469
7647,435
7648,184
7649,148
7650,131
7651,75
7652,348
7653,210
7654,351
7655,419
7656,83
7657,401
7658,300
7659,371
7660,157
7661,129
7662,93
7663,379
7664,252
7665,72
7666,269
7667,353
7668,361
7669,452
7670,296
7671,355
7672,270
7673,132
7674,268
7675,366
7676,460
7677,311
7678,369
7679,263
7680,314
7681,72
7682,346
7683,129
7684,487
7685,296
7686,373
7687,278
7688,161
7689,312
7690,223
7691,203
7692,299
7693,70
7694,377
7695,365
7696,399
7697,406
7698,195
7699,361
7700,136
7701,283
7702,311
7703,348
7704,129
7705,385
7706,483
7707,393
7708,95
7709,84
7710,94
7711,312
7712,219
7713,250
7714,129
7715,222
7716,155
7717,355
7718,130
7719,85
7720,206
7721,347
7722,464
7723,337
7724,18
7725,131
7726,86
7727,484
7728,264
7729,182
7730,348
7731,355
7732,169
7733,24
7734,133
7735,350
7736,348
7737,348
7738,348
7739,348
7740,36
7741,293
7742,67
7743,54
7744,458
7745,269
7746,425
7747,281
7748,433
7749,226
7750,52
7751,260
7752,393
7753,199
7754,420
7755,471
7756,445
7757,129
7758,346
7759,305
7760,404
7761,147
7762,282
7763,143
7764,198
7765,289
7766,285
7767,183
7768,348
7769,361
7770,348
7771,409
7772,339
7773,348
7774,96
7775,354
7776,113
7777,131
7778,119
7779,212
7780,182
7781,311
7782,348
7783,246
7784,172
7785,348
7786,222
7787,58
7788,216
7789,366
7790,140
7791,23
7792,95
7793,348
7794,149
7795,89
7796,453
7797,483
7798,54
7799,203
7800,471
7801,422
7802,476
7803,355
7804,248
7805,18
7806,125
7807,104
7808,446
7809,360
7810,361
7811,457
7812,302
7813,361
7814,348
7815,311
7816,18
7817,88
7818,474
7819,445
7820,39
7821,145
7822,132
7823,72
7824,347
7825,414
7826,348
7827,348
7828,262
7829,88
7830,186
7831,27
7832,256
7833,354
7834,448
7835,448
7836,458
7837,299
7838,472
7839,72
7840,311
7841,25
7842,95
7843,395
7844,116
7845,366
7846,222
7847,361
7848,361
7849,348
7850,145
7851,444
7852,132
7853,13
7854,348
7855,265
7856,176
7857,362
7858,62
7859,348
7860,325
7861,128
7862,291
7863,429
7864,355
7865,131
7866,84
7867,351
7868,362
7869,432
7870,361
7871,402
7872,433
7873,172
7874,87
7875,356
7876,29
7877,37
7878,180
7879,346
7880,15
7881,133
7882,184
7883,129
7884,58
7885,311
7886,188
7887,455
7888,348
7889,68
7890,428
7891,348
7892,9
7893,325
7894,439
7895,157
7896,342
7897,158
7898,379
7899,16
7900,448
7901,332
7902,354
7903,438
7904,348
7905,119
7906,157
7907,28
7908,315
7909,437
7910,204
7911,302
7912,366
7913,311
7914,39
7915,404
7916,406
7917,199
7918,250
7919,120
7920,460
7921,434
7922,254
7923,51
7924,10
7925,33
7926,278
7927,131
7928,88
7929,382
7930,348
7931,470
7932,472
7933,466
7934,245
7935,88
7936,360
7937,268
7938,348
7939,84
7940,246
7941,104
7942,455
7943,365
7944,348
7945,431
7946,18
7947,114
7948,117
7949,28
7950,2
7951,351
7952,468
7953,391
7954,158
7955,137
7956,496
7957,419
7958,348
7959,296
7960,415
7961,428
7962,487
7963,240
7964,203
7965,43
7966,50
7967,198
7968,354
7969,468
7970,467
7971,265
7972,353
7973,18
7974,293
7975,348
7976,373
7977,348
7978,463
7979,389
7980,348
7981,481
7982,481
7983,381
7984,311
7985,190
7986,172
7987,41
7988,351
7989,459
7990,495
7991,348
7992,129
7993,52
7994,480
7995,439
7996,288
7997,351
7998,277
7999,328
8000,147
8001,203
8002,450
8003,190
8004,270
8005,487
8006,132
8007,137
8008,486
8009,148
8010,369
8011,390
8012,470
8013,471
8014,189
8015,33
8016,16
8017,7
8018,354
8019,361
8020,355
8021,181
8022,4
8023,145
8024,436
8025,353
8026,88
8027,348
8028,18
8029,37
8030,254
8031,348
8032,351
8033,386
8034,271
8035,161
8036,156
8037,254
8038,129
8039,311
8040,56
8041,348
8042,293
8043,4
8044,129
8045,131
8046,111
8047,33
8048,305
8049,361
8050,362
8051,366
8052,348
8053,211
8054,35
8055,165
8056,18
8057,366
8058,348
8059,160
8060,131
8061,316
8062,146
8063,59
8064,110
8065,347
8066,25
8067,374
8068,255
8069,58
8070,470
8071,141
8072,440
8073,391
8074,163
8075,188
8076,414
8077,54
8078,389
8079,25
8080,2
8081,426
8082,439
8083,338
8084,319
8085,348
8086,425
8087,348
8088,399
8089,419
8090,468
8091,355
8092,0
8093,18
8094,84
8095,157
8096,348
8097,419
8098,478
8099,404
8100,270
8101,73
8102,74
8103,64
8104,428
8105,494
